INSERT INTO User VALUES (221122, 'Antonio', 961234567);
INSERT INTO User VALUES (212121, 'Alberto', 911234567);
INSERT INTO User VALUES (123456, 'Joao', 911234568);
INSERT INTO User VALUES (121212, 'Roberto', 911234569);
INSERT INTO User VALUES (123123, 'Carlos', 911234566);
INSERT INTO User VALUES (444444, 'Daniel', 911234565);
INSERT INTO User VALUES (212122, 'Bruno', 911234564);
INSERT INTO User VALUES (202020, 'Afonso', 911234563);
INSERT INTO User VALUES (121213, 'Facas', 911234562);
INSERT INTO User VALUES (313131, 'Ana', 911234561);
INSERT INTO User VALUES (303030, 'Maria', 911234560);

INSERT INTO Fiscal VALUES (90, 'Lda');
INSERT INTO Fiscal VALUES (91, 'Lda');
INSERT INTO Fiscal VALUES (92, 'frutas');
INSERT INTO Fiscal VALUES (93, 'mudanças');
INSERT INTO Fiscal VALUES (94, 'frutas');
INSERT INTO Fiscal VALUES (95, 'desemprego');
INSERT INTO Fiscal VALUES (96, 'desemprego');

INSERT INTO Edificio VALUES ('A');
INSERT INTO Edificio VALUES ('B');
INSERT INTO Edificio VALUES ('C');
INSERT INTO Edificio VALUES ('D');
INSERT INTO Edificio VALUES ('E');
INSERT INTO Edificio VALUES ('F');
INSERT INTO Edificio VALUES ('G');
INSERT INTO Edificio VALUES ('H');
INSERT INTO Edificio VALUES ('I');

INSERT INTO Alugavel VALUES ('A', 1234, '');
INSERT INTO Alugavel VALUES ('B', 1234, '');
INSERT INTO Alugavel VALUES ('C', 1234, '');
INSERT INTO Alugavel VALUES ('D', 1234, '');
INSERT INTO Alugavel VALUES ('E', 1234, '');
INSERT INTO Alugavel VALUES ('F', 1234, '');
INSERT INTO Alugavel VALUES ('G', 1234, '');
INSERT INTO Alugavel VALUES ('H', 1234, '');
INSERT INTO Alugavel VALUES ('I', 1234, '');

INSERT INTO Arrenda VALUES ('A', 1234, 221122);
INSERT INTO Arrenda VALUES ('B', 1234, 221122);
INSERT INTO Arrenda VALUES ('C', 1234, 313131);
INSERT INTO Arrenda VALUES ('D', 1234, 444444);
INSERT INTO Arrenda VALUES ('E', 1234, 202020);
INSERT INTO Arrenda VALUES ('F', 1234, 313131);
INSERT INTO Arrenda VALUES ('G', 1234, 303030);
INSERT INTO Arrenda VALUES ('H', 1234, 121212);
INSERT INTO Arrenda VALUES ('I', 1234, 313131);

INSERT INTO Fiscaliza VALUES (90, 'I', 1234);
INSERT INTO Fiscaliza VALUES (98, 'A', 1234);
INSERT INTO Fiscaliza VALUES (97, 'B', 1234);
INSERT INTO Fiscaliza VALUES (96, 'C', 1234);
INSERT INTO Fiscaliza VALUES (95, 'D', 1234);
INSERT INTO Fiscaliza VALUES (94, 'E', 1234);
INSERT INTO Fiscaliza VALUES (93, 'F', 1234);
INSERT INTO Fiscaliza VALUES (92, 'G', 1234);
INSERT INTO Fiscaliza VALUES (91, 'H', 1234);

INSERT INTO Espaço VALUES ('A', 1234);
INSERT INTO Espaço VALUES ('B', 1234);
INSERT INTO Espaço VALUES ('C', 1234);
INSERT INTO Espaço VALUES ('D', 1234);
INSERT INTO Espaço VALUES ('E', 1234);
INSERT INTO Espaço VALUES ('F', 1234);
INSERT INTO Espaço VALUES ('G', 1234);
INSERT INTO Espaço VALUES ('H', 1234);
INSERT INTO Espaço VALUES ('I', 1234);

INSERT INTO Posto VALUES ('A', 1234, 1234);
INSERT INTO Posto VALUES ('B', 1234, 1234);
INSERT INTO Posto VALUES ('C', 1234, 1234);
INSERT INTO Posto VALUES ('D', 1234, 1234);
INSERT INTO Posto VALUES ('E', 1234, 1234);
INSERT INTO Posto VALUES ('F', 1234, 1234);
INSERT INTO Posto VALUES ('G', 1234, 1234);
INSERT INTO Posto VALUES ('H', 1234, 1234);
INSERT INTO Posto VALUES ('I', 1234, 1234);

INSERT INTO Oferta VALUES ('A', 1234, '1/10/16', '1/11/16', 650);
INSERT INTO Oferta VALUES ('B', 1234, '1/10/16', '1/11/16', 620);
INSERT INTO Oferta VALUES ('C', 1234, '1/10/16', '1/11/16', 610);
INSERT INTO Oferta VALUES ('D', 1234, '1/10/16', '1/11/16', 350);
INSERT INTO Oferta VALUES ('E', 1234, '1/10/16', '15/10/16', 650);
INSERT INTO Oferta VALUES ('F', 1234, '1/10/16', '1/11/16', 650);
INSERT INTO Oferta VALUES ('G', 1234, '1/10/16', '1/11/16', 650);
INSERT INTO Oferta VALUES ('H', 1234, '1/10/16', '1/11/16', 650);
INSERT INTO Oferta VALUES ('I', 1234, '1/10/16', '1/11/16', 650);

INSERT INTO Aluga VALUES ('A', 1234, '1/10/16', 221122, 6);
INSERT INTO Aluga VALUES ('B', 1234, '1/10/16', 221122, 4);
INSERT INTO Aluga VALUES ('C', 1234, '1/10/16', 313131, 1);
INSERT INTO Aluga VALUES ('D', 1234, '1/10/16', 444444, 3);
INSERT INTO Aluga VALUES ('E', 1234, '1/10/16', 202020, 2);
INSERT INTO Aluga VALUES ('F', 1234, '1/10/16', 313131, 5);
INSERT INTO Aluga VALUES ('G', 1234, '1/10/16', 303030, 7);
INSERT INTO Aluga VALUES ('H', 1234, '1/10/16', 121212, 8);
INSERT INTO Aluga VALUES ('I', 1234, '1/10/16', 313131, 0);

INSERT INTO Paga VALUES (0, '1/10/16', 'cartao');
INSERT INTO Paga VALUES (1, '1/10/16', 'cartao');
INSERT INTO Paga VALUES (2, '1/10/16', 'dinheiro');
INSERT INTO Paga VALUES (3, '1/10/16', 'cartao');
INSERT INTO Paga VALUES (4, '1/10/16', 'cheque');
INSERT INTO Paga VALUES (5, '1/10/16', 'cartao');
INSERT INTO Paga VALUES (6, '1/10/16', 'cartao');
INSERT INTO Paga VALUES (7, '1/10/16', 'cartao');
INSERT INTO Paga VALUES (8, '1/10/16', 'dinheiro');

INSERT INTO Estado VALUES (0, '1/10/16', 'aceite');
INSERT INTO Estado VALUES (1, '1/10/16', 'pendente');
INSERT INTO Estado VALUES (2, '1/10/16', 'aceite');
INSERT INTO Estado VALUES (3, '1/10/16', 'aceite');
INSERT INTO Estado VALUES (4, '1/10/16', 'cancelado');
INSERT INTO Estado VALUES (5, '1/10/16', 'rejeitado');
INSERT INTO Estado VALUES (6, '1/10/16', 'aceite');
INSERT INTO Estado VALUES (7, '1/10/16', 'pendente');
INSERT INTO Estado VALUES (8, '1/10/16', 'aceite');

INSERT INTO Reserva VALUES (8);
INSERT INTO Reserva VALUES (1);
INSERT INTO Reserva VALUES (2);
INSERT INTO Reserva VALUES (3);
INSERT INTO Reserva VALUES (4);
INSERT INTO Reserva VALUES (5);
INSERT INTO Reserva VALUES (6);
INSERT INTO Reserva VALUES (7);
INSERT INTO Reserva VALUES (0);
